{"cpu_time": 0.0, "wallclock_time": 0.011008739471435547, "evaluations": 0, "cost": 2147483648.0, "incumbent": ["x1='0.5972836315631866'", "x2='0.12586811650544405'"], "origin": "Sobol"}
