{
  "stats": {
    "submitted": 17,
    "finished": 0,
    "running": 17
  },
  "data": [
    [
      1,
      null,
      1835038389,
      null,
      2147483647.0,
      0.0,
      0,
      0.0,
      0.0,
      {}
    ],
    [
      2,
      null,
      1835038389,
      null,
      2147483647.0,
      0.0,
      0,
      0.0,
      0.0,
      {}
    ],
    [
      3,
      null,
      1835038389,
      null,
      2147483647.0,
      0.0,
      0,
      0.0,
      0.0,
      {}
    ],
    [
      4,
      null,
      1835038389,
      null,
      2147483647.0,
      0.0,
      0,
      0.0,
      0.0,
      {}
    ],
    [
      5,
      null,
      1835038389,
      null,
      2147483647.0,
      0.0,
      0,
      0.0,
      0.0,
      {}
    ],
    [
      6,
      null,
      1835038389,
      null,
      2147483647.0,
      0.0,
      0,
      0.0,
      0.0,
      {}
    ],
    [
      7,
      null,
      1835038389,
      null,
      2147483647.0,
      0.0,
      0,
      0.0,
      0.0,
      {}
    ],
    [
      8,
      null,
      1835038389,
      null,
      2147483647.0,
      0.0,
      0,
      0.0,
      0.0,
      {}
    ],
    [
      9,
      null,
      1835038389,
      null,
      2147483647.0,
      0.0,
      0,
      0.0,
      0.0,
      {}
    ],
    [
      10,
      null,
      1835038389,
      null,
      2147483647.0,
      0.0,
      0,
      0.0,
      0.0,
      {}
    ],
    [
      11,
      null,
      1835038389,
      null,
      2147483647.0,
      0.0,
      0,
      0.0,
      0.0,
      {}
    ],
    [
      12,
      null,
      1835038389,
      null,
      2147483647.0,
      0.0,
      0,
      0.0,
      0.0,
      {}
    ],
    [
      13,
      null,
      1835038389,
      null,
      2147483647.0,
      0.0,
      0,
      0.0,
      0.0,
      {}
    ],
    [
      14,
      null,
      1835038389,
      null,
      2147483647.0,
      0.0,
      0,
      0.0,
      0.0,
      {}
    ],
    [
      15,
      null,
      1835038389,
      null,
      2147483647.0,
      0.0,
      0,
      0.0,
      0.0,
      {}
    ],
    [
      16,
      null,
      1835038389,
      null,
      2147483647.0,
      0.0,
      0,
      0.0,
      0.0,
      {}
    ],
    [
      17,
      null,
      1835038389,
      null,
      2147483647.0,
      0.0,
      0,
      0.0,
      0.0,
      {}
    ]
  ],
  "configs": {
    "1": {
      "weight1": 0.9557871092110872,
      "weight2": 0.26065236423164606
    },
    "2": {
      "weight1": 0.37037862930446863,
      "weight2": 0.8031373284757137
    },
    "3": {
      "weight1": 0.10609769262373447,
      "weight2": 0.23207237478345633
    },
    "4": {
      "weight1": 0.6927244300022721,
      "weight2": 0.7042453978210688
    },
    "5": {
      "weight1": 0.5401786956936121,
      "weight2": 0.026984906755387783
    },
    "6": {
      "weight1": 0.12583077792078257,
      "weight2": 0.5382088962942362
    },
    "7": {
      "weight1": 0.3976807314902544,
      "weight2": 0.49700157437473536
    },
    "8": {
      "weight1": 0.8112975964322686,
      "weight2": 0.9379126839339733
    },
    "9": {
      "weight1": 0.8501471430063248,
      "weight2": 0.13225271552801132
    },
    "10": {
      "weight1": 0.4525820491835475,
      "weight2": 0.6835196660831571
    },
    "11": {
      "weight1": 0.21149440854787827,
      "weight2": 0.34387714974582195
    },
    "12": {
      "weight1": 0.6107661677524447,
      "weight2": 0.8404560266062617
    },
    "13": {
      "weight1": 0.6533879116177559,
      "weight2": 0.39662498049438
    },
    "14": {
      "weight1": 0.05168501567095518,
      "weight2": 0.9166452614590526
    },
    "15": {
      "weight1": 0.28422826528549194,
      "weight2": 0.11075136810541153
    },
    "16": {
      "weight1": 0.8856885163113475,
      "weight2": 0.5760845439508557
    },
    "17": {
      "weight1": 0.9310564594343305,
      "weight2": 0.06962758861482143
    }
  },
  "config_origins": {
    "1": "Initial Design: Sobol",
    "2": "Initial Design: Sobol",
    "3": "Initial Design: Sobol",
    "4": "Initial Design: Sobol",
    "5": "Initial Design: Sobol",
    "6": "Initial Design: Sobol",
    "7": "Initial Design: Sobol",
    "8": "Initial Design: Sobol",
    "9": "Initial Design: Sobol",
    "10": "Initial Design: Sobol",
    "11": "Initial Design: Sobol",
    "12": "Initial Design: Sobol",
    "13": "Initial Design: Sobol",
    "14": "Initial Design: Sobol",
    "15": "Initial Design: Sobol",
    "16": "Initial Design: Sobol",
    "17": "Initial Design: Sobol"
  }
}